{
    "rows": 5000,
    "columns": 11,
    "missing_values": {
        "sepal_length": 0,
        "sepal_width": 0,
        "petal_length": 0,
        "petal_width": 0,
        "class": 0,
        "petal_ratio": 0,
        "sepal_ratio": 0,
        "petal_area": 0,
        "petal_length_bin": 0,
        "sepal_ratio_band": 0,
        "leaf_shape_index": 0
    },
    "numerical_stats": {
        "sepal_length": {
            "count": 5000.0,
            "mean": 5.844515577499762,
            "std": 0.8258832701810168,
            "min": 4.285536291446624,
            "25%": 5.10274984968116,
            "50%": 5.795536848761582,
            "75%": 6.402954556217184,
            "max": 7.920327766291509
        },
        "sepal_width": {
            "count": 5000.0,
            "mean": 3.059804171831688,
            "std": 0.4369856295926192,
            "min": 1.991992339815598,
            "25%": 2.7988118061491463,
            "50%": 3.0023024678529033,
            "75%": 3.388260357229814,
            "max": 4.406218042490617
        },
        "petal_length": {
            "count": 5000.0,
            "mean": 3.7525620743558616,
            "std": 1.7576057115854689,
            "min": 0.9784644913434718,
            "25%": 1.5775294297759421,
            "50%": 4.308180617574655,
            "75%": 5.100764690140135,
            "max": 6.931482771003452
        },
        "petal_width": {
            "count": 5000.0,
            "mean": 1.1965245617288307,
            "std": 0.7577266737550236,
            "min": 0.082064585087349,
            "25%": 0.3016187557206732,
            "50%": 1.3054955344515657,
            "75%": 1.803719708550395,
            "max": 2.5154228739469797
        },
        "petal_ratio": {
            "count": 5000.0,
            "mean": 4.309842132050476,
            "std": 2.486809559998503,
            "min": 2.080319291411989,
            "25%": 2.8079282694012484,
            "50%": 3.298354339044532,
            "75%": 4.680225169116932,
            "max": 15.07181942899822
        },
        "sepal_ratio": {
            "count": 5000.0,
            "mean": 1.9531045928529027,
            "std": 0.4004784513029558,
            "min": 1.2597639123903548,
            "25%": 1.5326170674025748,
            "50%": 2.032092951638552,
            "75%": 2.2240125108796427,
            "max": 2.9729164976116076
        },
        "petal_area": {
            "count": 5000.0,
            "mean": 5.769882357196662,
            "std": 4.687742070344138,
            "min": -0.0007405747556928,
            "25%": 0.436055756198235,
            "50%": 5.610832272809125,
            "75%": 9.695685054927676,
            "max": 15.959248212772076
        },
        "leaf_shape_index": {
            "count": 5000.0,
            "mean": 4.309938650372564,
            "std": 2.498320196530362,
            "min": 2.109233464201387,
            "25%": 2.808714328505,
            "50%": 3.297472723881122,
            "75%": 4.70820480487279,
            "max": 18.52849268126177
        }
    },
    "categorical_stats": {
        "class": {
            "versicolor": 1700,
            "setosa": 1666,
            "virginica": 1634
        },
        "petal_length_bin": {
            "medium": 1905,
            "short": 1666,
            "long": 1429
        },
        "sepal_ratio_band": {
            "low": 2504,
            "high": 2496
        }
    }
}