{
  "accuracy": 0.9639,
  "precision": 0.9674032081427559,
  "recall": 0.9858202586489857,
  "f1": 0.976524905709455,
  "roc_auc": 0.9907904089791256,
  "confusion_matrix": [
    [
      4261,
      506
    ],
    [
      216,
      15017
    ]
  ],
  "class_report": {
    "0": {
      "precision": 0.9517534062988608,
      "recall": 0.89385357667296,
      "f1-score": 0.9218952834270878,
      "support": 4767.0
    },
    "1": {
      "precision": 0.9674032081427559,
      "recall": 0.9858202586489857,
      "f1-score": 0.976524905709455,
      "support": 15233.0
    },
    "accuracy": 0.9639,
    "macro avg": {
      "precision": 0.9595783072208084,
      "recall": 0.9398369176609729,
      "f1-score": 0.9492100945682714,
      "support": 20000.0
    },
    "weighted avg": {
      "precision": 0.9636730778732635,
      "recall": 0.9639,
      "f1-score": 0.9635039352384527,
      "support": 20000.0
    }
  },
  "class_balance": {
    "pos": 15233,
    "neg": 4767
  }
}