{
  "task": "classification",
  "n_test": 6588,
  "class_distribution": {
    "1": 5867,
    "0": 721
  },
  "metrics": {
    "accuracy": 0.9594717668488161,
    "precision_weighted": 0.962013619726835,
    "recall_weighted": 0.9594717668488161,
    "f1_weighted": 0.9604303077403397,
    "f1_macro": 0.9010007724658828,
    "f1_negative_class": 0.8249180327868852,
    "recall_negative": 0.8723994452149791,
    "precision_negative": 0.7823383084577115,
    "roc_auc": 0.9832961672127916
  },
  "confusion_matrix": [
    [
      629,
      92
    ],
    [
      175,
      5692
    ]
  ]
}